"Customer_ID","Age","Membership_Duration","Classes_Attended","Personal_Training_Sessions","Online_Platforms_Used","Customer_Satisfaction_Score","Churn"
1,48,44,3,17,"TickTock",6,"No"
2,32,49,38,14,"Instagram",4,"No"
3,31,33,33,1,"Instagram",6,"No"
4,20,36,45,20,"Instagram",9,"No"
5,59,115,27,10,"Facebook",4,"Yes"
6,60,13,35,0,"Instagram",4,"Yes"
7,54,114,48,12,"Instagram",6,"Yes"
8,31,79,18,7,"Instagram",10,"No"
9,42,77,22,7,"Instagram",2,"Yes"
10,43,46,7,17,"X",8,"No"
11,44,94,18,6,"X",1,"No"
12,22,119,6,12,"Instagram",10,"No"
13,44,18,11,14,"Instagram",8,"Yes"
14,45,108,1,7,"Instagram",5,"Yes"
15,26,50,17,15,"Facebook",4,"No"
16,46,103,47,13,"X",8,"Yes"
17,52,26,22,15,"Facebook",10,"Yes"
18,25,36,48,11,"X",2,"No"
19,43,36,10,15,"Instagram",6,"No"
20,24,56,1,10,"Facebook",2,"Yes"
21,59,57,45,4,"Instagram",10,"Yes"
22,26,3,24,3,"X",1,"Yes"
23,36,89,24,13,"TickTock",8,"No"
24,53,11,16,7,"Facebook",4,"No"
25,31,51,21,14,"X",3,"Yes"
26,34,30,12,10,"TickTock",7,"Yes"
27,60,16,21,19,"Instagram",2,"Yes"
28,56,111,24,9,"Instagram",1,"Yes"
29,29,11,8,18,"X",8,"Yes"
30,32,102,46,4,"Instagram",1,"Yes"
31,49,96,34,0,"Facebook",5,"No"
32,59,95,23,11,"Instagram",7,"No"
33,62,101,37,17,"Instagram",2,"No"
34,24,66,41,5,"Instagram",6,"No"
35,26,22,11,18,"X",8,"No"
36,58,17,14,14,"Facebook",10,"No"
37,27,5,40,17,"X",3,"Yes"
38,40,115,14,9,"Instagram",5,"No"
39,44,79,35,0,"Facebook",9,"No"
40,24,115,24,5,"TickTock",8,"No"
41,44,96,40,7,"Instagram",5,"No"
42,49,62,4,20,"Instagram",6,"No"
43,55,35,13,8,"TickTock",7,"Yes"
44,42,91,16,17,"X",1,"No"
45,51,22,1,14,"TickTock",1,"Yes"
46,46,63,50,7,"Instagram",10,"No"
47,22,89,36,4,"X",9,"Yes"
48,25,15,23,17,"Instagram",8,"Yes"
49,29,35,10,7,"Instagram",10,"No"
50,30,30,32,19,"Instagram",3,"Yes"
51,35,34,6,19,"X",2,"No"
52,50,69,14,3,"Instagram",3,"Yes"
53,44,69,25,8,"Instagram",7,"Yes"
54,42,71,36,10,"Instagram",6,"No"
55,55,2,22,15,"X",2,"Yes"
56,38,80,10,9,"Facebook",7,"Yes"
57,32,104,47,3,"Facebook",1,"No"
58,58,23,24,0,"Facebook",10,"Yes"
59,64,87,9,10,"X",8,"No"
60,43,88,33,1,"Facebook",6,"Yes"
61,48,21,27,7,"Instagram",10,"Yes"
62,33,82,5,12,"Instagram",6,"No"
63,47,19,11,17,"Facebook",2,"Yes"
64,23,9,18,9,"Facebook",10,"Yes"
65,60,83,43,19,"Instagram",3,"Yes"
66,25,62,34,20,"Instagram",2,"Yes"
67,39,110,7,18,"Instagram",3,"Yes"
68,39,83,27,3,"TickTock",7,"No"
69,56,69,44,12,"Facebook",6,"Yes"
70,48,45,47,14,"Instagram",5,"Yes"
71,65,80,1,2,"Instagram",1,"No"
72,34,103,12,17,"Instagram",9,"No"
73,51,104,44,3,"Instagram",4,"No"
74,21,32,37,17,"X",5,"Yes"
75,30,48,18,11,"Instagram",2,"Yes"
76,22,15,30,16,"TickTock",2,"No"
77,42,26,10,10,"Facebook",2,"No"
78,39,20,43,9,"Instagram",1,"No"
79,42,35,10,14,"Facebook",7,"Yes"
80,49,55,28,19,"TickTock",9,"No"
81,63,31,32,15,"Facebook",7,"Yes"
82,42,24,26,3,"X",1,"No"
83,40,17,24,13,"Instagram",7,"No"
84,52,71,7,5,"X",9,"No"
85,57,57,32,4,"Facebook",3,"Yes"
86,65,77,27,1,"TickTock",1,"Yes"
87,47,35,39,19,"Instagram",1,"No"
88,29,58,43,12,"TickTock",2,"No"
89,48,54,7,10,"TickTock",2,"No"
90,63,13,15,1,"Facebook",3,"No"
91,47,78,9,4,"TickTock",6,"Yes"
92,52,68,14,2,"X",5,"No"
93,31,25,41,4,"TickTock",7,"No"
94,46,29,23,3,"Instagram",7,"Yes"
95,49,53,39,18,"Instagram",5,"No"
96,24,16,27,14,"X",2,"No"
97,20,41,39,4,"Instagram",5,"No"
98,40,112,1,17,"Facebook",8,"Yes"
99,32,9,45,13,"X",5,"Yes"
100,38,37,17,8,"TickTock",9,"No"
101,54,54,10,10,"Facebook",10,"Yes"
102,25,86,1,2,"Instagram",4,"No"
103,27,110,18,10,"Instagram",9,"No"
104,59,108,47,17,"Facebook",10,"No"
105,61,86,1,19,"TickTock",9,"Yes"
106,51,24,40,5,"Instagram",2,"Yes"
107,27,14,22,0,"TickTock",6,"No"
108,39,30,4,5,"Instagram",3,"No"
109,29,109,5,3,"X",6,"No"
110,37,62,49,17,"TickTock",1,"Yes"
111,63,116,16,10,"TickTock",7,"No"
112,34,111,26,19,"X",3,"No"
113,63,40,11,10,"X",1,"Yes"
114,52,109,14,13,"Instagram",2,"No"
115,57,95,33,5,"Instagram",1,"Yes"
116,63,119,13,3,"X",4,"Yes"
117,47,39,1,11,"TickTock",10,"No"
118,32,101,15,15,"Instagram",2,"No"
119,41,72,14,20,"X",8,"No"
120,40,111,9,20,"TickTock",4,"No"
121,60,14,23,9,"Facebook",5,"Yes"
122,24,48,26,9,"X",6,"Yes"
123,46,65,2,19,"X",5,"Yes"
124,32,23,33,6,"TickTock",4,"No"
125,40,26,42,6,"Instagram",5,"No"
126,43,46,39,7,"X",7,"No"
127,55,23,29,6,"Facebook",7,"No"
128,63,95,15,15,"X",10,"Yes"
129,49,63,8,7,"X",10,"No"
130,24,21,46,2,"X",10,"Yes"
131,44,81,12,5,"TickTock",2,"Yes"
132,59,39,26,8,"Facebook",2,"Yes"
133,22,71,17,1,"TickTock",10,"Yes"
134,23,45,46,12,"X",2,"No"
135,33,47,43,17,"Instagram",5,"No"
136,41,76,8,0,"Instagram",1,"Yes"
137,49,96,34,14,"Facebook",6,"No"
138,38,46,44,7,"X",6,"No"
139,28,83,8,10,"TickTock",10,"Yes"
140,53,60,47,12,"Facebook",8,"No"
141,61,83,4,9,"Facebook",7,"Yes"
142,63,89,39,19,"Facebook",2,"Yes"
143,36,17,27,12,"Facebook",5,"No"
144,42,9,17,8,"TickTock",1,"Yes"
145,56,109,5,4,"X",1,"No"
146,43,110,39,2,"X",2,"Yes"
147,26,23,42,8,"Instagram",3,"No"
148,24,31,42,19,"TickTock",6,"Yes"
149,51,38,21,0,"X",2,"Yes"
150,65,33,25,8,"X",10,"No"
151,30,80,37,5,"X",10,"No"
152,36,60,35,9,"Facebook",9,"Yes"
153,64,72,14,5,"TickTock",1,"No"
154,56,5,48,10,"Instagram",7,"Yes"
155,21,63,26,3,"X",1,"No"
156,18,74,7,10,"Instagram",1,"Yes"
157,57,41,21,11,"Instagram",8,"Yes"
158,47,92,42,15,"Facebook",7,"No"
159,47,37,49,20,"TickTock",8,"No"
160,42,46,24,17,"X",4,"No"
161,33,83,13,1,"TickTock",3,"No"
162,41,97,43,17,"TickTock",3,"Yes"
163,28,16,7,7,"Instagram",7,"No"
164,65,6,2,4,"X",8,"No"
165,37,52,41,8,"X",10,"Yes"
166,57,72,18,2,"Instagram",7,"No"
167,20,89,30,5,"Instagram",7,"No"
168,46,78,43,13,"TickTock",9,"No"
169,53,95,45,4,"Facebook",8,"No"
170,61,46,44,1,"TickTock",2,"No"
171,39,89,5,8,"Facebook",5,"Yes"
172,59,8,25,3,"TickTock",6,"Yes"
173,37,43,28,20,"Facebook",10,"No"
174,28,119,38,11,"Instagram",1,"Yes"
175,25,116,20,0,"X",6,"Yes"
176,63,24,3,0,"X",10,"Yes"
177,38,5,9,17,"TickTock",4,"No"
178,62,14,15,11,"TickTock",5,"Yes"
179,19,97,15,10,"TickTock",4,"Yes"
180,60,65,34,11,"TickTock",4,"Yes"
181,30,101,50,10,"TickTock",8,"No"
182,63,99,50,14,"Facebook",10,"No"
183,23,4,38,4,"X",1,"Yes"
184,25,35,29,20,"Instagram",5,"No"
185,61,110,20,19,"Instagram",1,"No"
186,49,82,26,17,"TickTock",9,"Yes"
187,53,10,37,20,"X",2,"Yes"
188,62,12,46,2,"X",6,"No"
189,31,48,1,18,"Instagram",4,"No"
190,33,3,45,16,"Instagram",5,"No"
191,40,26,35,14,"Instagram",1,"No"
192,50,76,9,2,"TickTock",2,"Yes"
193,57,60,36,4,"Instagram",8,"No"
194,57,101,43,17,"Instagram",3,"Yes"
195,27,45,3,9,"TickTock",9,"No"
196,42,8,34,4,"Instagram",4,"No"
197,25,17,6,2,"Instagram",7,"No"
198,35,5,10,7,"X",2,"No"
199,26,83,46,20,"Facebook",10,"No"
200,24,102,1,10,"TickTock",6,"Yes"
201,24,32,40,12,"TickTock",1,"Yes"
202,27,2,12,18,"X",5,"No"
203,41,17,31,3,"X",8,"Yes"
204,40,119,10,19,"Instagram",6,"Yes"
205,43,49,22,16,"Instagram",1,"No"
206,60,72,39,3,"TickTock",1,"Yes"
207,50,51,39,15,"Facebook",5,"No"
208,46,18,5,8,"Facebook",4,"Yes"
209,27,26,4,13,"TickTock",8,"Yes"
210,30,30,28,10,"X",5,"No"
211,60,83,40,4,"Facebook",4,"No"
212,28,69,40,10,"Facebook",3,"No"
213,42,93,36,11,"Instagram",1,"Yes"
214,43,93,47,5,"Instagram",3,"Yes"
215,24,46,41,2,"X",9,"Yes"
216,42,12,0,14,"Facebook",7,"Yes"
217,40,56,9,13,"Facebook",2,"No"
218,43,1,1,16,"Facebook",6,"Yes"
219,49,48,34,6,"Facebook",2,"No"
220,37,94,44,0,"TickTock",1,"No"
221,41,114,38,17,"TickTock",9,"No"
222,26,52,12,2,"Instagram",7,"No"
223,58,7,27,8,"X",9,"No"
224,54,69,14,10,"Instagram",7,"Yes"
225,40,10,5,19,"Facebook",6,"No"
226,31,36,14,16,"Facebook",4,"Yes"
227,63,8,33,14,"X",3,"Yes"
228,23,49,48,3,"X",8,"No"
229,44,95,34,17,"X",8,"Yes"
230,18,69,49,2,"Facebook",1,"Yes"
231,43,39,9,19,"Instagram",1,"No"
232,59,22,11,3,"Instagram",9,"No"
233,34,76,7,10,"Instagram",1,"No"
234,46,109,7,11,"Instagram",10,"No"
235,43,10,40,12,"Facebook",8,"Yes"
236,44,62,3,17,"Facebook",6,"Yes"
237,38,93,14,10,"TickTock",9,"No"
238,24,94,16,7,"Instagram",7,"Yes"
239,43,65,26,18,"Instagram",8,"No"
240,58,47,33,15,"TickTock",2,"Yes"
241,37,14,26,14,"Instagram",9,"Yes"
242,23,71,6,20,"Instagram",6,"No"
243,47,63,26,17,"Instagram",8,"No"
244,48,34,12,19,"X",7,"Yes"
245,46,74,7,4,"X",9,"No"
246,34,117,24,6,"X",8,"No"
247,54,79,25,17,"X",4,"Yes"
248,37,19,16,17,"X",2,"No"
249,52,82,11,9,"TickTock",5,"No"
250,42,110,44,4,"Facebook",9,"Yes"
251,63,22,15,15,"Facebook",7,"Yes"
252,50,18,9,10,"X",2,"No"
253,19,51,4,8,"Instagram",9,"No"
254,21,67,46,8,"TickTock",1,"Yes"
255,27,107,5,0,"TickTock",2,"No"
256,50,52,20,17,"Instagram",3,"Yes"
257,22,63,16,5,"Facebook",10,"No"
258,42,37,25,1,"TickTock",7,"Yes"
259,25,110,36,12,"Facebook",2,"Yes"
260,42,18,42,10,"X",4,"No"
261,38,41,30,4,"Instagram",10,"No"
262,62,65,47,19,"X",9,"No"
263,35,39,11,2,"Facebook",3,"No"
264,59,15,28,4,"Facebook",8,"Yes"
265,48,49,42,7,"Facebook",7,"Yes"
266,23,70,23,2,"Facebook",9,"No"
267,24,109,7,13,"X",6,"Yes"
268,58,97,0,13,"Facebook",2,"Yes"
269,65,102,22,14,"X",7,"No"
270,34,40,34,14,"TickTock",6,"No"
271,62,74,45,16,"TickTock",3,"No"
272,45,60,9,2,"Instagram",2,"Yes"
273,57,34,27,17,"X",6,"Yes"
274,24,117,22,4,"TickTock",1,"Yes"
275,37,90,14,12,"TickTock",5,"No"
276,35,18,38,1,"X",7,"No"
277,46,69,28,13,"TickTock",9,"No"
278,34,60,21,17,"X",4,"No"
279,50,35,15,5,"Instagram",10,"Yes"
280,19,70,30,5,"TickTock",1,"No"
281,19,93,11,15,"Facebook",8,"No"
282,30,54,19,0,"Facebook",6,"Yes"
283,41,43,8,2,"X",9,"Yes"
284,20,73,27,18,"Instagram",1,"Yes"
285,35,22,2,11,"TickTock",8,"No"
286,19,20,50,17,"Facebook",3,"No"
287,54,47,44,3,"TickTock",10,"No"
288,29,94,39,20,"X",5,"No"
289,30,114,48,13,"Facebook",10,"No"
290,59,103,3,16,"Instagram",1,"Yes"
291,23,41,9,10,"TickTock",1,"Yes"
292,59,14,48,13,"X",5,"No"
293,59,29,9,7,"Facebook",10,"No"
294,55,11,4,9,"TickTock",10,"No"
295,65,60,10,13,"Facebook",7,"Yes"
296,33,20,40,18,"Instagram",9,"Yes"
297,52,81,11,20,"Facebook",4,"Yes"
298,53,108,4,9,"X",3,"Yes"
299,44,88,23,18,"TickTock",4,"Yes"
300,44,108,3,14,"Facebook",1,"Yes"
301,52,51,33,16,"TickTock",7,"Yes"
302,40,89,31,16,"Instagram",8,"Yes"
303,20,13,0,1,"TickTock",9,"Yes"
304,48,76,18,7,"Facebook",7,"No"
305,65,6,47,2,"X",3,"Yes"
306,19,67,10,9,"Facebook",7,"Yes"
307,64,92,38,16,"TickTock",5,"Yes"
308,40,44,28,17,"Facebook",5,"No"
309,20,108,26,18,"Facebook",4,"No"
310,26,11,23,2,"TickTock",4,"Yes"
311,56,19,4,1,"X",6,"Yes"
312,47,11,1,12,"Facebook",10,"No"
313,48,63,40,2,"Facebook",2,"No"
314,47,100,25,15,"TickTock",8,"Yes"
315,26,22,27,20,"X",10,"Yes"
316,53,11,46,8,"Instagram",6,"Yes"
317,51,27,5,15,"X",5,"Yes"
318,39,2,25,9,"X",6,"Yes"
319,61,103,27,16,"TickTock",5,"No"
320,58,6,5,13,"Instagram",8,"Yes"
321,45,103,3,8,"Facebook",1,"Yes"
322,46,100,21,2,"X",10,"No"
323,60,55,14,3,"X",8,"Yes"
324,56,48,5,0,"X",8,"Yes"
325,62,28,2,16,"X",7,"No"
326,54,29,20,5,"Instagram",1,"Yes"
327,60,68,9,9,"X",7,"No"
328,50,41,36,6,"Instagram",10,"No"
329,36,5,24,15,"Facebook",8,"Yes"
330,29,112,37,17,"Facebook",7,"Yes"
331,51,95,27,20,"Facebook",3,"Yes"
332,38,107,0,3,"X",4,"Yes"
333,34,112,34,11,"TickTock",3,"No"
334,29,9,39,6,"Facebook",1,"Yes"
335,47,83,1,20,"TickTock",6,"No"
336,52,28,45,14,"Facebook",1,"No"
337,47,15,18,18,"X",8,"Yes"
338,42,60,25,5,"Instagram",3,"No"
339,64,75,32,18,"Facebook",3,"Yes"
340,20,93,22,17,"TickTock",1,"No"
341,35,17,2,17,"TickTock",1,"No"
342,49,61,36,13,"X",2,"No"
343,34,41,23,5,"X",9,"Yes"
344,55,25,31,20,"Instagram",9,"No"
345,59,111,12,5,"Instagram",1,"No"
346,57,76,8,15,"Instagram",9,"No"
347,59,19,16,10,"Instagram",9,"Yes"
348,49,52,46,16,"TickTock",8,"Yes"
349,43,71,13,7,"X",8,"No"
350,30,11,48,6,"TickTock",3,"Yes"
351,37,15,48,3,"X",2,"Yes"
352,55,73,30,11,"TickTock",2,"Yes"
353,37,110,7,12,"Facebook",2,"Yes"
354,46,88,36,17,"X",6,"Yes"
355,37,83,11,16,"Instagram",9,"Yes"
356,47,11,19,0,"X",1,"Yes"
357,58,118,4,5,"Instagram",8,"Yes"
358,65,33,49,1,"TickTock",10,"Yes"
359,25,73,39,9,"TickTock",2,"No"
360,56,105,50,17,"Instagram",3,"Yes"
361,27,23,34,0,"X",1,"Yes"
362,34,120,4,17,"TickTock",7,"Yes"
363,35,17,7,1,"Instagram",5,"No"
364,57,10,43,20,"Instagram",10,"No"
365,59,72,36,9,"TickTock",5,"No"
366,28,18,25,10,"Instagram",7,"Yes"
367,61,24,24,7,"Facebook",9,"Yes"
368,19,102,46,1,"Facebook",5,"Yes"
369,36,89,41,20,"X",2,"Yes"
370,30,50,21,13,"Facebook",9,"No"
371,30,71,30,3,"Facebook",8,"No"
372,48,103,8,17,"TickTock",10,"No"
373,47,12,8,11,"TickTock",10,"Yes"
374,39,105,16,3,"X",1,"Yes"
375,47,80,40,16,"Instagram",10,"Yes"
376,27,3,41,9,"Facebook",4,"No"
377,33,31,23,18,"TickTock",7,"No"
378,22,99,36,0,"X",6,"No"
379,53,21,10,13,"TickTock",4,"Yes"
380,50,110,31,4,"X",4,"No"
381,33,62,15,12,"X",1,"Yes"
382,45,34,45,14,"TickTock",6,"Yes"
383,29,28,26,19,"TickTock",5,"Yes"
384,45,36,27,5,"TickTock",1,"Yes"
385,19,26,30,19,"X",8,"Yes"
386,29,1,13,8,"Instagram",8,"No"
387,64,90,12,19,"Facebook",5,"Yes"
388,23,21,46,6,"Facebook",1,"No"
389,33,42,13,20,"TickTock",4,"Yes"
390,32,120,38,11,"Instagram",7,"Yes"
391,36,85,30,20,"X",4,"Yes"
392,20,102,9,18,"Instagram",8,"Yes"
393,63,35,28,17,"Instagram",10,"Yes"
394,50,94,27,11,"Instagram",10,"Yes"
395,50,12,8,6,"X",8,"No"
396,65,97,12,3,"Instagram",4,"Yes"
397,28,108,13,10,"Instagram",3,"No"
398,53,13,47,1,"Instagram",2,"No"
399,61,50,4,2,"Instagram",7,"No"
400,62,64,25,2,"X",9,"Yes"
401,27,33,12,4,"Instagram",1,"No"
402,59,24,13,4,"TickTock",1,"Yes"
403,41,9,7,14,"Instagram",3,"Yes"
404,45,31,6,3,"X",9,"Yes"
405,56,96,34,1,"TickTock",9,"Yes"
406,35,66,44,17,"X",8,"No"
407,34,31,45,5,"TickTock",7,"No"
408,37,60,12,2,"X",4,"Yes"
409,26,91,44,9,"Facebook",5,"Yes"
410,28,99,45,17,"Instagram",4,"Yes"
411,61,118,17,9,"Facebook",10,"Yes"
412,25,97,19,1,"X",3,"No"
413,22,23,31,1,"TickTock",6,"Yes"
414,46,114,42,0,"Instagram",4,"No"
415,23,37,7,7,"Facebook",10,"No"
416,27,74,46,17,"Facebook",9,"No"
417,43,43,7,3,"TickTock",6,"Yes"
418,26,19,14,5,"Facebook",3,"No"
419,28,16,32,8,"X",3,"No"
420,23,111,20,12,"Instagram",9,"Yes"
421,49,39,49,13,"Instagram",4,"No"
422,29,96,40,12,"TickTock",5,"Yes"
423,36,112,43,6,"X",9,"No"
424,44,50,16,3,"X",8,"No"
425,49,120,44,8,"X",8,"No"
426,44,19,47,8,"Facebook",9,"No"
427,47,4,32,1,"Instagram",5,"Yes"
428,21,51,22,11,"Instagram",7,"Yes"
429,41,35,5,8,"Facebook",5,"Yes"
430,45,34,16,8,"Facebook",2,"Yes"
431,20,29,27,17,"Facebook",10,"No"
432,63,77,37,8,"Facebook",3,"No"
433,57,100,3,7,"Instagram",2,"No"
434,23,84,9,9,"Facebook",10,"No"
435,53,54,28,1,"X",9,"Yes"
436,59,102,46,1,"Instagram",7,"No"
437,65,67,22,4,"TickTock",7,"No"
438,47,89,1,9,"Instagram",8,"Yes"
439,65,85,27,1,"X",10,"No"
440,27,53,6,19,"X",10,"Yes"
441,42,40,17,5,"TickTock",4,"Yes"
442,55,5,40,3,"Instagram",5,"No"
443,53,5,0,19,"Instagram",7,"Yes"
444,58,83,10,9,"Facebook",1,"Yes"
445,42,108,7,19,"Instagram",5,"No"
446,21,94,49,7,"Instagram",10,"Yes"
447,32,71,13,20,"Instagram",5,"Yes"
448,39,110,7,17,"Facebook",9,"No"
449,41,17,7,15,"Instagram",1,"Yes"
450,56,93,6,1,"Instagram",5,"Yes"
451,64,98,49,11,"Instagram",3,"No"
452,54,17,7,15,"TickTock",3,"Yes"
453,63,61,8,19,"Facebook",1,"No"
454,64,11,37,13,"TickTock",8,"No"
455,32,14,42,0,"Facebook",5,"Yes"
456,33,104,47,16,"Facebook",1,"Yes"
457,36,33,41,17,"Facebook",7,"No"
458,25,34,36,8,"TickTock",3,"Yes"
459,48,64,8,5,"X",9,"Yes"
460,54,10,2,7,"Facebook",7,"Yes"
461,56,98,33,7,"TickTock",9,"No"
462,65,38,34,9,"Instagram",6,"Yes"
463,33,77,0,17,"TickTock",3,"Yes"
464,26,12,39,15,"X",5,"Yes"
465,28,35,2,18,"X",9,"Yes"
466,60,104,31,7,"TickTock",5,"No"
467,47,59,5,10,"X",1,"Yes"
468,27,33,39,14,"X",5,"No"
469,51,110,14,6,"TickTock",6,"No"
470,55,43,16,2,"Facebook",9,"No"
471,37,118,30,17,"TickTock",8,"Yes"
472,63,11,19,18,"Facebook",10,"Yes"
473,31,72,18,17,"TickTock",1,"Yes"
474,23,81,17,17,"Instagram",7,"No"
475,35,4,34,0,"X",5,"Yes"
476,19,76,15,18,"TickTock",4,"No"
477,25,47,28,3,"Instagram",3,"Yes"
478,28,56,10,9,"Facebook",6,"No"
479,38,14,4,18,"Facebook",7,"Yes"
480,24,51,11,5,"TickTock",6,"Yes"
481,40,27,2,20,"TickTock",6,"Yes"
482,25,75,37,3,"Facebook",5,"No"
483,27,49,35,7,"Facebook",4,"No"
484,54,29,29,19,"Instagram",8,"No"
485,34,38,27,15,"TickTock",2,"No"
486,23,108,20,6,"TickTock",9,"Yes"
487,57,19,31,0,"X",7,"No"
488,23,21,9,15,"X",2,"Yes"
489,64,49,19,1,"Facebook",7,"Yes"
490,45,6,40,7,"Instagram",10,"No"
491,49,69,46,12,"Instagram",6,"Yes"
492,52,113,41,2,"Facebook",8,"No"
493,45,88,29,15,"Instagram",6,"No"
494,64,16,49,12,"Facebook",9,"No"
495,37,73,10,11,"X",9,"No"
496,18,107,27,4,"Facebook",9,"Yes"
497,22,101,17,3,"TickTock",5,"No"
498,28,78,1,15,"Facebook",6,"No"
499,64,62,20,18,"Facebook",7,"Yes"
500,37,69,36,11,"TickTock",8,"Yes"
501,19,107,36,15,"Instagram",9,"No"
502,65,120,18,0,"TickTock",5,"Yes"
503,27,30,14,19,"X",2,"Yes"
504,24,62,27,16,"Facebook",8,"Yes"
505,55,45,23,15,"Instagram",9,"Yes"
506,61,116,33,5,"Facebook",2,"Yes"
507,53,68,41,4,"X",8,"No"
508,40,68,19,1,"Facebook",8,"No"
509,51,107,37,6,"TickTock",10,"Yes"
510,41,96,4,13,"TickTock",5,"No"
511,21,92,17,14,"X",10,"No"
512,46,85,26,15,"Facebook",1,"No"
513,40,52,40,6,"Facebook",7,"No"
514,28,70,30,3,"TickTock",4,"No"
515,50,42,10,3,"Facebook",7,"No"
516,65,20,28,9,"X",5,"No"
517,20,81,0,9,"X",6,"No"
518,50,75,6,0,"X",7,"Yes"
519,47,40,45,13,"TickTock",1,"Yes"
520,51,21,39,3,"Instagram",3,"Yes"
521,19,101,34,7,"TickTock",4,"No"
522,57,96,48,10,"X",2,"Yes"
523,37,58,12,5,"X",1,"Yes"
524,31,83,15,16,"Facebook",8,"No"
525,42,43,27,11,"Instagram",4,"No"
526,62,1,32,0,"Instagram",7,"No"
527,24,34,36,2,"X",5,"Yes"
528,57,76,48,5,"TickTock",5,"No"
529,52,14,7,1,"Instagram",10,"Yes"
530,48,67,50,7,"Facebook",8,"Yes"
531,39,48,3,1,"Instagram",6,"No"
532,33,20,43,13,"X",9,"No"
533,39,90,42,19,"Facebook",5,"Yes"
534,46,4,10,16,"TickTock",9,"Yes"
535,50,4,9,5,"X",4,"Yes"
536,61,90,50,3,"TickTock",9,"Yes"
537,48,65,6,6,"Instagram",7,"No"
538,63,89,20,17,"X",4,"Yes"
539,25,81,48,20,"X",3,"Yes"
540,41,85,45,17,"TickTock",1,"Yes"
541,47,36,10,19,"TickTock",7,"No"
542,40,17,1,15,"Instagram",4,"Yes"
543,54,39,12,0,"X",6,"Yes"
544,49,59,24,5,"Facebook",5,"Yes"
545,34,69,22,7,"TickTock",9,"No"
546,43,93,19,2,"TickTock",5,"No"
547,60,9,3,5,"X",1,"Yes"
548,40,31,34,15,"Facebook",3,"Yes"
549,43,70,9,1,"Facebook",8,"No"
550,53,41,0,13,"X",7,"No"
551,62,31,19,5,"Instagram",4,"Yes"
552,25,35,18,20,"Facebook",6,"Yes"
553,32,73,38,0,"Instagram",4,"Yes"
554,53,49,38,3,"Instagram",7,"Yes"
555,62,99,31,10,"X",1,"Yes"
556,20,38,31,14,"Facebook",1,"No"
557,56,82,38,1,"X",8,"No"
558,50,17,36,19,"Facebook",2,"No"
559,55,77,41,19,"Facebook",4,"Yes"
560,62,108,47,0,"X",4,"Yes"
561,43,47,30,9,"X",2,"No"
562,45,93,21,11,"X",3,"Yes"
563,43,106,20,5,"X",1,"No"
564,34,53,27,13,"Facebook",1,"Yes"
565,40,16,46,0,"X",1,"No"
566,55,97,13,17,"Facebook",3,"Yes"
567,27,102,24,6,"X",2,"Yes"
568,62,15,32,10,"Facebook",7,"Yes"
569,55,91,36,6,"TickTock",3,"No"
570,58,22,11,13,"X",5,"Yes"
571,25,8,19,17,"TickTock",8,"No"
572,18,65,6,4,"X",2,"Yes"
573,33,70,27,13,"TickTock",4,"Yes"
574,19,113,32,11,"Instagram",2,"No"
575,57,86,40,7,"Facebook",1,"No"
576,31,70,46,6,"Instagram",6,"Yes"
577,29,5,21,3,"Facebook",7,"Yes"
578,43,90,22,0,"TickTock",7,"No"
579,25,9,22,1,"Instagram",8,"Yes"
580,58,31,22,0,"TickTock",2,"Yes"
581,25,106,40,4,"TickTock",4,"Yes"
582,26,67,19,10,"Instagram",4,"No"
583,50,41,43,7,"Instagram",4,"No"
584,20,32,9,8,"Facebook",6,"Yes"
585,57,53,2,15,"TickTock",6,"No"
586,19,23,8,12,"TickTock",8,"Yes"
587,18,82,26,16,"X",10,"Yes"
588,26,86,10,13,"Instagram",3,"No"
589,24,58,38,10,"Instagram",6,"Yes"
590,30,23,16,16,"X",10,"No"
591,46,115,3,9,"Facebook",5,"No"
592,37,25,40,17,"Instagram",2,"Yes"
593,31,38,46,13,"TickTock",5,"No"
594,33,30,27,11,"Instagram",8,"No"
595,24,38,30,8,"X",6,"Yes"
596,53,104,32,3,"Facebook",6,"No"
597,62,4,42,16,"Facebook",2,"Yes"
598,29,118,32,10,"TickTock",5,"No"
599,42,81,29,3,"TickTock",8,"Yes"
600,44,116,22,8,"TickTock",10,"Yes"
601,30,70,36,17,"X",9,"No"
602,37,26,16,16,"X",5,"Yes"
603,27,39,39,11,"Facebook",1,"Yes"
604,47,96,16,8,"TickTock",9,"No"
605,58,27,3,15,"TickTock",2,"Yes"
606,29,103,22,12,"Facebook",2,"No"
607,25,62,50,6,"Facebook",4,"No"
608,24,75,22,2,"Facebook",8,"Yes"
609,32,21,27,11,"X",8,"Yes"
610,36,97,15,19,"Facebook",3,"Yes"
611,60,115,11,15,"Instagram",4,"Yes"
612,56,72,31,0,"X",1,"Yes"
613,40,17,2,10,"Facebook",2,"Yes"
614,52,94,6,0,"X",10,"Yes"
615,23,78,41,19,"Facebook",2,"Yes"
616,24,24,2,4,"TickTock",8,"No"
617,21,7,19,15,"Instagram",5,"No"
618,27,67,18,2,"X",5,"No"
619,34,33,3,14,"Instagram",1,"No"
620,65,88,25,7,"TickTock",6,"No"
621,25,79,7,16,"Facebook",1,"Yes"
622,20,91,48,4,"Instagram",3,"No"
623,61,24,14,8,"X",3,"Yes"
624,63,87,24,9,"TickTock",9,"No"
625,54,46,8,12,"X",5,"No"
626,31,27,12,4,"Instagram",9,"Yes"
627,45,12,42,0,"Facebook",2,"No"
628,23,49,45,19,"Instagram",8,"No"
629,26,8,36,11,"Facebook",2,"Yes"
630,50,97,30,19,"Instagram",2,"Yes"
631,63,86,42,12,"Facebook",8,"No"
632,36,98,4,1,"Instagram",1,"Yes"
633,54,5,23,9,"Facebook",7,"Yes"
634,51,77,21,4,"Instagram",1,"Yes"
635,18,83,32,2,"X",5,"No"
636,45,95,33,4,"Instagram",2,"Yes"
637,47,26,35,12,"Facebook",1,"No"
638,21,20,37,12,"TickTock",4,"No"
639,43,29,4,14,"X",1,"Yes"
640,28,56,26,5,"X",4,"Yes"
641,22,118,18,0,"X",2,"No"
642,53,9,11,9,"TickTock",9,"Yes"
643,36,80,32,17,"Facebook",8,"No"
644,52,85,9,10,"Instagram",6,"No"
645,50,97,30,19,"Facebook",5,"No"
646,56,49,35,17,"Instagram",8,"No"
647,22,50,9,14,"X",8,"Yes"
648,40,42,14,6,"X",9,"No"
649,58,73,27,2,"Instagram",4,"No"
650,42,11,35,18,"TickTock",10,"No"
651,38,65,25,4,"X",8,"No"
652,22,98,7,14,"TickTock",5,"Yes"
653,29,75,21,18,"Facebook",9,"No"
654,19,89,45,6,"X",6,"Yes"
655,35,113,7,15,"TickTock",7,"No"
656,21,62,41,4,"TickTock",7,"Yes"
657,59,78,5,15,"Facebook",6,"No"
658,64,114,3,18,"Instagram",3,"Yes"
659,40,95,42,9,"TickTock",7,"No"
660,25,14,15,0,"TickTock",7,"No"
661,18,84,38,19,"TickTock",3,"No"
662,28,104,39,3,"TickTock",9,"Yes"
663,54,88,30,19,"Facebook",8,"Yes"
664,28,37,36,8,"X",10,"No"
665,32,105,25,4,"TickTock",3,"Yes"
666,32,93,45,6,"TickTock",3,"Yes"
667,59,10,45,20,"Instagram",3,"Yes"
668,32,49,19,0,"X",9,"Yes"
669,32,52,6,19,"X",2,"Yes"
670,61,71,8,1,"Facebook",4,"No"
671,58,22,19,10,"Facebook",2,"Yes"
672,42,44,43,0,"Instagram",1,"Yes"
673,53,96,10,12,"X",2,"No"
674,20,11,48,9,"TickTock",8,"Yes"
675,24,18,1,17,"Instagram",10,"Yes"
676,21,12,39,3,"Instagram",7,"No"
677,57,71,28,3,"TickTock",6,"Yes"
678,54,3,22,1,"Instagram",2,"No"
679,41,59,36,15,"Instagram",6,"No"
680,55,46,20,15,"TickTock",8,"Yes"
681,21,82,29,7,"Instagram",6,"No"
682,20,63,5,2,"Facebook",4,"Yes"
683,28,112,31,19,"Facebook",6,"No"
684,27,49,34,17,"Instagram",10,"Yes"
685,46,70,26,10,"X",3,"No"
686,40,30,13,16,"Instagram",10,"No"
687,22,70,40,15,"Facebook",1,"No"
688,41,36,31,1,"Instagram",9,"Yes"
689,49,53,19,7,"TickTock",5,"No"
690,42,29,21,4,"Facebook",1,"No"
691,28,37,3,11,"X",2,"No"
692,27,61,38,14,"TickTock",5,"Yes"
693,32,110,50,1,"Facebook",8,"Yes"
694,48,42,29,14,"X",1,"Yes"
695,27,104,39,4,"X",3,"Yes"
696,62,54,37,8,"X",10,"Yes"
697,41,42,33,14,"Instagram",4,"No"
698,52,55,17,6,"TickTock",5,"No"
699,27,62,21,8,"TickTock",8,"Yes"
700,25,46,38,8,"X",1,"Yes"
701,61,29,34,10,"TickTock",6,"No"
702,59,111,29,9,"X",4,"No"
703,49,51,2,16,"Facebook",8,"Yes"
704,56,32,44,9,"X",10,"Yes"
705,24,1,7,14,"TickTock",4,"No"
706,55,34,8,6,"Facebook",8,"Yes"
707,34,79,31,16,"TickTock",4,"Yes"
708,37,10,30,11,"Instagram",10,"No"
709,50,69,29,4,"TickTock",2,"Yes"
710,54,5,24,2,"TickTock",2,"Yes"
711,27,55,43,17,"Instagram",3,"Yes"
712,62,81,18,13,"X",1,"Yes"
713,27,113,1,6,"Facebook",9,"No"
714,19,114,43,12,"Instagram",8,"Yes"
715,32,2,38,2,"TickTock",5,"No"
716,40,27,20,1,"Instagram",5,"No"
717,64,62,17,10,"TickTock",3,"Yes"
718,57,11,9,9,"Instagram",8,"No"
719,52,64,50,15,"Instagram",4,"Yes"
720,19,101,49,19,"X",4,"Yes"
721,23,81,47,2,"Instagram",3,"Yes"
722,63,63,46,3,"X",4,"No"
723,64,110,46,6,"Instagram",9,"Yes"
724,26,99,2,9,"TickTock",5,"Yes"
725,40,42,5,19,"X",9,"No"
726,42,13,47,16,"Facebook",1,"Yes"
727,32,64,43,20,"Facebook",2,"Yes"
728,39,57,30,10,"Facebook",1,"No"
729,65,94,46,13,"Facebook",10,"No"
730,25,31,32,2,"TickTock",4,"Yes"
731,46,51,43,19,"TickTock",10,"Yes"
732,58,98,19,13,"Instagram",1,"Yes"
733,38,17,41,16,"X",10,"No"
734,65,73,5,4,"Facebook",5,"Yes"
735,26,115,50,2,"Instagram",3,"No"
736,51,50,39,13,"Facebook",10,"No"
737,58,73,21,16,"Facebook",6,"No"
738,60,62,43,10,"X",10,"Yes"
739,28,59,43,0,"Instagram",5,"Yes"
740,21,58,33,8,"Facebook",1,"Yes"
741,24,86,5,2,"Instagram",2,"Yes"
742,28,110,9,19,"Facebook",2,"Yes"
743,50,47,41,11,"Facebook",10,"Yes"
744,28,32,6,11,"X",1,"Yes"
745,55,102,42,15,"Instagram",4,"No"
746,38,104,16,8,"Instagram",10,"No"
747,27,116,39,8,"Instagram",7,"Yes"
748,20,66,36,14,"X",7,"No"
749,52,1,14,13,"X",2,"Yes"
750,51,18,16,2,"TickTock",5,"Yes"
751,57,71,14,7,"Facebook",1,"Yes"
752,45,91,44,15,"Facebook",1,"No"
753,30,71,48,0,"Facebook",10,"Yes"
754,25,36,16,10,"X",7,"No"
755,19,69,20,0,"Instagram",5,"Yes"
756,23,75,29,14,"X",5,"Yes"
757,40,27,35,6,"Facebook",3,"Yes"
758,34,95,1,10,"Instagram",2,"No"
759,49,42,11,4,"X",4,"Yes"
760,31,75,40,15,"Instagram",8,"Yes"
761,24,28,26,16,"X",6,"No"
762,30,33,2,16,"X",7,"Yes"
763,25,106,18,7,"TickTock",9,"No"
764,55,32,33,2,"Facebook",4,"Yes"
765,28,87,23,19,"Facebook",10,"No"
766,59,85,35,7,"TickTock",9,"Yes"
767,34,44,26,20,"TickTock",8,"Yes"
768,24,103,13,13,"TickTock",9,"Yes"
769,61,62,39,15,"X",10,"Yes"
770,36,37,48,15,"Instagram",7,"No"
771,57,96,20,2,"Instagram",8,"Yes"
772,32,114,21,13,"Instagram",7,"Yes"
773,63,40,33,16,"Facebook",6,"Yes"
774,31,79,22,16,"X",6,"No"
775,43,96,23,12,"Facebook",5,"Yes"
776,44,71,36,19,"X",3,"Yes"
777,34,14,34,1,"Instagram",7,"No"
778,50,106,36,15,"X",9,"Yes"
779,35,56,35,13,"Facebook",3,"No"
780,37,48,44,4,"Facebook",5,"Yes"
781,44,89,47,8,"Facebook",6,"No"
782,59,3,12,20,"Instagram",9,"Yes"
783,27,118,3,17,"TickTock",4,"Yes"
784,26,23,46,9,"TickTock",8,"No"
785,48,75,15,19,"TickTock",9,"No"
786,36,61,41,17,"X",8,"No"
787,35,95,22,1,"Facebook",7,"No"
788,61,62,31,3,"X",2,"Yes"
789,61,67,47,8,"Facebook",10,"No"
790,45,8,22,14,"Facebook",6,"Yes"
791,38,60,4,1,"X",9,"No"
792,46,91,50,3,"X",3,"No"
793,53,91,11,11,"Instagram",3,"Yes"
794,37,49,32,17,"TickTock",2,"No"
795,40,89,18,10,"X",6,"Yes"
796,59,28,38,6,"TickTock",3,"No"
797,22,28,39,3,"Instagram",9,"Yes"
798,19,118,15,9,"X",6,"Yes"
799,35,77,43,11,"TickTock",7,"No"
800,29,79,9,15,"TickTock",1,"Yes"
801,30,44,7,1,"Instagram",1,"Yes"
802,60,105,19,17,"Facebook",10,"No"
803,55,51,17,11,"TickTock",8,"No"
804,35,51,37,5,"Instagram",8,"Yes"
805,27,31,38,9,"X",7,"Yes"
806,26,102,30,16,"Instagram",3,"No"
807,52,77,33,7,"Facebook",3,"Yes"
808,46,41,48,6,"TickTock",6,"Yes"
809,39,75,26,13,"TickTock",1,"Yes"
810,36,57,11,10,"TickTock",1,"Yes"
811,25,46,12,9,"X",10,"Yes"
812,62,51,27,18,"Instagram",10,"Yes"
813,50,60,49,14,"TickTock",3,"Yes"
814,19,62,27,10,"Facebook",9,"Yes"
815,60,117,43,13,"X",5,"Yes"
816,65,55,6,9,"Facebook",7,"No"
817,22,114,41,14,"TickTock",10,"Yes"
818,38,22,38,17,"TickTock",9,"Yes"
819,48,24,28,0,"TickTock",2,"No"
820,53,117,9,19,"Instagram",2,"Yes"
821,44,109,7,16,"X",3,"Yes"
822,40,12,11,8,"Instagram",8,"No"
823,20,115,45,6,"X",10,"Yes"
824,32,44,31,3,"Instagram",8,"No"
825,59,90,20,6,"TickTock",7,"No"
826,56,117,30,1,"X",6,"No"
827,24,20,18,19,"X",6,"Yes"
828,51,100,38,15,"Facebook",8,"Yes"
829,48,61,23,12,"Instagram",7,"No"
830,35,92,8,19,"Facebook",4,"Yes"
831,35,119,7,16,"Facebook",7,"Yes"
832,52,80,33,6,"Instagram",9,"Yes"
833,57,49,25,1,"X",5,"Yes"
834,63,44,28,12,"TickTock",5,"No"
835,26,66,40,6,"TickTock",9,"Yes"
836,32,37,41,3,"TickTock",2,"No"
837,34,19,47,2,"Instagram",1,"No"
838,24,77,38,16,"TickTock",5,"No"
839,47,103,22,12,"Instagram",3,"No"
840,25,94,26,3,"X",7,"No"
841,18,56,3,15,"TickTock",8,"Yes"
842,26,5,33,7,"TickTock",7,"No"
843,52,71,25,2,"TickTock",4,"No"
844,42,16,46,16,"Facebook",2,"Yes"
845,19,108,0,20,"TickTock",7,"No"
846,28,107,6,12,"X",3,"No"
847,21,83,16,9,"TickTock",6,"No"
848,57,102,30,4,"Facebook",9,"No"
849,37,56,42,1,"X",10,"Yes"
850,28,26,35,9,"TickTock",7,"No"
851,35,108,35,3,"X",1,"No"
852,31,45,37,19,"TickTock",7,"No"
853,20,38,19,10,"TickTock",2,"No"
854,45,10,16,1,"Facebook",2,"No"
855,20,40,46,13,"TickTock",5,"No"
856,63,10,40,3,"TickTock",8,"No"
857,45,38,45,0,"TickTock",8,"No"
858,46,91,39,13,"X",10,"No"
859,56,51,45,13,"Instagram",6,"No"
860,40,29,25,5,"X",10,"No"
861,32,94,16,20,"Facebook",10,"No"
862,40,87,48,17,"X",5,"Yes"
863,41,113,31,1,"Instagram",5,"Yes"
864,57,54,25,3,"X",2,"Yes"
865,50,85,6,16,"X",9,"Yes"
866,54,66,4,14,"X",4,"Yes"
867,46,87,48,20,"Facebook",5,"No"
868,23,64,28,15,"Instagram",6,"Yes"
869,42,19,23,11,"Instagram",1,"Yes"
870,59,19,20,7,"Instagram",8,"Yes"
871,43,116,47,1,"TickTock",2,"No"
872,41,77,20,14,"TickTock",7,"Yes"
873,61,33,36,15,"X",9,"No"
874,49,38,10,16,"Facebook",4,"No"
875,25,64,48,2,"TickTock",4,"No"
876,33,37,31,1,"X",8,"No"
877,56,114,22,10,"Facebook",7,"Yes"
878,49,71,10,0,"TickTock",7,"Yes"
879,56,26,22,9,"TickTock",8,"Yes"
880,18,81,35,18,"X",10,"No"
881,47,47,21,0,"Facebook",8,"No"
882,42,101,27,14,"X",9,"Yes"
883,60,37,49,17,"Facebook",7,"No"
884,20,32,16,3,"Facebook",4,"Yes"
885,39,45,14,1,"Instagram",10,"No"
886,34,40,33,9,"Facebook",1,"No"
887,37,115,32,0,"Facebook",7,"Yes"
888,52,97,8,0,"TickTock",1,"No"
889,31,36,34,7,"TickTock",5,"No"
890,54,56,3,18,"TickTock",2,"No"
891,41,50,40,7,"TickTock",7,"Yes"
892,47,68,10,0,"X",7,"No"
893,25,40,18,9,"X",7,"No"
894,37,28,40,15,"X",5,"No"
895,27,56,41,6,"X",7,"No"
896,39,85,15,5,"Instagram",1,"No"
897,34,54,43,13,"Facebook",3,"No"
898,26,55,12,9,"Instagram",3,"Yes"
899,52,87,23,20,"Facebook",9,"Yes"
900,54,36,21,3,"Facebook",4,"Yes"
901,38,82,12,10,"Instagram",1,"Yes"
902,33,46,46,11,"TickTock",5,"Yes"
903,43,28,3,11,"TickTock",1,"Yes"
904,52,95,7,5,"TickTock",3,"No"
905,52,12,9,4,"Facebook",7,"No"
906,43,11,36,15,"Facebook",2,"Yes"
907,30,88,17,14,"TickTock",9,"No"
908,53,30,13,18,"X",4,"Yes"
909,64,11,37,8,"Facebook",2,"Yes"
910,42,88,21,0,"X",5,"No"
911,45,17,28,17,"TickTock",4,"Yes"
912,46,23,18,9,"Facebook",5,"No"
913,30,98,18,16,"TickTock",3,"No"
914,61,74,49,19,"TickTock",8,"No"
915,38,54,37,17,"TickTock",10,"No"
916,42,4,39,5,"Instagram",7,"No"
917,46,70,6,10,"X",7,"Yes"
918,37,74,30,10,"TickTock",5,"No"
919,46,83,43,19,"Facebook",7,"Yes"
920,30,102,35,6,"X",7,"No"
921,30,41,11,13,"X",2,"Yes"
922,52,92,48,18,"Instagram",7,"Yes"
923,22,120,9,5,"TickTock",6,"Yes"
924,30,48,39,18,"Facebook",1,"Yes"
925,40,109,9,1,"Instagram",1,"Yes"
926,45,73,14,19,"TickTock",4,"No"
927,61,7,9,12,"Instagram",7,"No"
928,25,51,28,11,"Instagram",4,"Yes"
929,55,24,10,14,"Facebook",5,"No"
930,41,106,49,1,"X",2,"Yes"
931,33,82,43,5,"Instagram",9,"Yes"
932,28,88,1,15,"Facebook",3,"No"
933,40,120,32,14,"Instagram",4,"No"
934,47,72,20,8,"Facebook",6,"No"
935,49,64,18,18,"X",2,"No"
936,44,60,14,1,"Facebook",1,"Yes"
937,61,16,44,14,"Instagram",9,"Yes"
938,65,47,5,7,"Instagram",7,"Yes"
939,32,82,2,4,"TickTock",7,"No"
940,18,29,25,20,"TickTock",1,"No"
941,61,61,42,6,"Facebook",7,"No"
942,27,113,35,17,"Instagram",7,"Yes"
943,39,62,9,16,"Facebook",10,"Yes"
944,59,25,46,19,"X",9,"No"
945,53,80,2,12,"X",10,"Yes"
946,58,69,3,13,"Instagram",7,"No"
947,42,23,37,19,"Instagram",6,"Yes"
948,47,67,14,1,"X",9,"No"
949,54,70,38,20,"Instagram",5,"Yes"
950,44,120,1,5,"X",5,"Yes"
951,26,89,23,10,"Facebook",8,"No"
952,36,19,48,10,"TickTock",1,"No"
953,52,11,12,10,"X",2,"No"
954,51,107,30,6,"Facebook",8,"Yes"
955,40,12,23,6,"Facebook",4,"No"
956,29,97,5,6,"TickTock",10,"No"
957,32,62,1,18,"Instagram",8,"Yes"
958,52,72,29,9,"Instagram",8,"Yes"
959,46,71,11,15,"Facebook",10,"Yes"
960,24,79,25,10,"X",9,"Yes"
961,46,101,40,0,"Facebook",3,"Yes"
962,62,99,40,11,"X",6,"Yes"
963,63,7,43,0,"X",5,"No"
964,51,13,50,19,"X",1,"No"
965,26,84,1,4,"X",4,"No"
966,64,73,37,16,"Facebook",7,"Yes"
967,18,117,42,0,"Facebook",1,"No"
968,27,12,40,18,"Facebook",9,"Yes"
969,58,78,50,1,"Instagram",10,"No"
970,58,103,45,0,"Instagram",9,"Yes"
971,56,92,11,8,"X",1,"Yes"
972,61,73,0,1,"X",9,"Yes"
973,40,96,26,9,"Instagram",10,"Yes"
974,23,119,33,12,"Instagram",6,"Yes"
975,49,36,49,19,"Facebook",10,"Yes"
976,56,83,38,1,"X",1,"Yes"
977,33,105,27,19,"Facebook",7,"Yes"
978,43,34,4,19,"X",3,"Yes"
979,33,61,46,12,"X",3,"No"
980,19,56,28,12,"Instagram",5,"No"
981,51,113,20,12,"X",1,"Yes"
982,31,76,4,8,"TickTock",2,"Yes"
983,47,14,11,11,"TickTock",7,"No"
984,45,74,35,2,"TickTock",1,"No"
985,38,103,28,5,"X",8,"Yes"
986,40,16,3,12,"X",3,"No"
987,47,98,39,15,"TickTock",6,"Yes"
988,42,74,24,2,"Facebook",9,"No"
989,56,115,0,13,"Facebook",1,"Yes"
990,23,66,25,13,"Facebook",3,"Yes"
991,21,21,15,13,"X",5,"No"
992,20,8,14,16,"Instagram",7,"Yes"
993,63,33,13,8,"Facebook",2,"Yes"
994,63,97,9,18,"Facebook",10,"Yes"
995,65,79,27,15,"Instagram",7,"Yes"
996,27,88,47,20,"TickTock",6,"Yes"
997,45,18,13,20,"X",1,"No"
998,29,120,12,3,"Facebook",4,"No"
999,20,99,7,20,"Facebook",4,"No"
1000,18,16,26,11,"X",4,"No"
